# MySql

## 终端操作数据库

### 1、如何登陆数据库服务器

```shell
mysql  -u<账户> -p<密码>
```

### 2、如何查询数据库服务器中所有的数据库

```mysql
mysql> show databases;
+--------------------+
| Database           |
+--------------------+
| information_schema |
| mysql              |
| performance_schema |
| sakila             |
| test               |
| world              |
+--------------------+
6 rows in set (0.00 sec)
```

### 3、如何选中某一数据进行操作

```mysql
mysql> select * from admin;
ERROR 1046 (3D000): No database selected
```

未查找到数据报错

```mysql
mysql> use test
Database changed
```

选中数据库

### 4、如何在数据库服务器中创建数据库

```mysql
mysql> create database test2;
Query OK, 1 row affected (0.01 sec)
```

### 5、如何查看数据库中中的所有数据

```mysql
mysql> show tables;
+-----------------+
| Tables_in_test2 |
+-----------------+
| pet             |
+-----------------+
1 row in set (0.00 sec)
```

### 6、如何创建一个数据表

```mysql
CREATE TABLE pet (
	name VARCHAR(20),
	owner VARCHAR(20),
	species VARCHAR(20),
	sex CHAR(1),
	birth DATE,
	death DATE
);
mysql> CREATE TABLE pet (
    -> name VARCHAR(20),
    -> owner VARCHAR(20),
    -> species VARCHAR(20),
    -> sex CHAR(1),
    -> birth DATE,
    -> death DATE
    -> );
Query OK, 0 rows affected (0.01 sec)
```

### 7、查看创建好的数据表的结构

```mysql
mysql> describe pet;
+---------+-------------+------+-----+---------+-------+
| Field   | Type        | Null | Key | Default | Extra |
+---------+-------------+------+-----+---------+-------+
| name    | varchar(20) | YES  |     | NULL    |       |
| owner   | varchar(20) | YES  |     | NULL    |       |
| species | varchar(20) | YES  |     | NULL    |       |
| sex     | char(1)     | YES  |     | NULL    |       |
| birth   | date        | YES  |     | NULL    |       |
| death   | date        | YES  |     | NULL    |       |
+---------+-------------+------+-----+---------+-------+
6 rows in set (0.02 sec)
```

### 8、如何查看数据表中的记录

```shell
mysql> select * from pet;
Empty set (0.00 sec)
```

### 9、如何往数据表中添加记录

```mysql
mysql> INSERT INTO pet
    -> VALUES('Sunny','kid','cat','f','2017-08-01',null);
Query OK, 1 row affected (0.02 sec)
mysql> select * from pet;
+-------+-------+---------+------+------------+-------+
| name  | owner | species | sex  | birth      | death |
+-------+-------+---------+------+------------+-------+
| Sunny | kid   | cat     | f    | 2017-08-01 | NULL  |
+-------+-------+---------+------+------------+-------+
1 row in set (0.00 sec)
```

### 10、mysql常用数据类型

 MySQL支持多种类型，大致可以分为三类：数值、日期/时间和字符串(字符)类型。 

- 数值类型

  | 类型                            | 大小（字节）                             | 用途            |
  | ------------------------------- | ---------------------------------------- | --------------- |
  | TINYINT                         | 1                                        | 小整数值        |
  | SMALLINT                        | 2                                        | 大整数值        |
  | MEDIUMINT                       | 3                                        | 大整数值        |
  | <font color="red">INT</font>    | 4                                        | 大整数值        |
  | <font color="red">BIGINT</font> | 8                                        | 极大整数值      |
  | FLOAT                           | 4                                        | 单精度 浮点数值 |
  | <font color="red">DOUBLE</font> | 8                                        | 双精度 浮点数型 |
  | DECIMAL                         | 对DECIMAL(M,D) ，如果M>D，为M+2否则为D+2 | 小数值          |

- 日期和时间类型

  | **类型**  | 大小（字节） | 格式                | 用途                     |
  | --------- | ------------ | ------------------- | ------------------------ |
  | DATE      | 3            | YYYY-MM-DD          | 日期值                   |
  | TIME      | 3            | HH:MM:SS            | 时间值或持续时间         |
  | YEAR      | 1            | YYYY                | 年份值                   |
  | DATETIME  | 8            | YYYY-MM-DD HH:MM:SS | 混合日期和时间值         |
  | TIMESTAMP | 4            | YYYYMMDD HHMMSS     | 混合日期和时间值，时间戳 |

- 字符串类型

  | 类型       | 大小                | 用途                            |
  | :--------- | :------------------ | :------------------------------ |
  | CHAR       | 0-255字节           | 定长字符串                      |
  | VARCHAR    | 0-65535 字节        | 变长字符串                      |
  | TINYBLOB   | 0-255字节           | 不超过 255 个字符的二进制字符串 |
  | TINYTEXT   | 0-255字节           | 短文本字符串                    |
  | BLOB       | 0-65 535字节        | 二进制形式的长文本数据          |
  | TEXT       | 0-65 535字节        | 长文本数据                      |
  | MEDIUMBLOB | 0-16 777 215字节    | 二进制形式的中等长度文本数据    |
  | MEDIUMTEXT | 0-16 777 215字节    | 中等长度文本数据                |
  | LONGBLOB   | 0-4 294 967 295字节 | 二进制形式的极大文本数据        |
  | LONGTEXT   | 0-4 294 967 295字节 | 极大文本数据                    |

### 11、如何删除数据

```mysql
mysql> delete from pet where name='dva';
Query OK, 1 row affected (0.02 sec)
```

### 12、如何修改数据

```mysql
mysql> update pet set owner='wangkai' where name='Sunny';
Query OK, 1 row affected (0.02 sec)
Rows matched: 1  Changed: 1  Warnings: 0
```

### 13、总结-数据操作常见操作

- 增加 - INSERT
- 删除 - DELETE
- 修改 - UPDATE
- 查询 - SELECT